{"IcoMoonType":"selection","icons":[{"icon":{"paths":["M1011.328 134.496c-110.752-83.928-281.184-134.034-455.91-134.034-216.12 0-392.226 75.456-483.16 207.020-42.708 61.79-66.33 134.958-70.208 217.474-3.454 73.474 8.884 154.726 36.684 242.146 94.874-284.384 359.82-507.102 665.266-507.102 0 0-285.826 75.232-465.524 308.192-0.112 0.138-2.494 3.090-6.614 8.698-36.080 48.278-67.538 103.162-91.078 165.328-39.87 94.83-76.784 224.948-76.784 381.782h128c0 0-19.43-122.222 14.36-262.79 55.89 7.556 105.858 11.306 150.852 11.306 117.678 0 201.37-25.46 263.388-80.124 55.568-48.978 86.198-114.786 118.624-184.456 49.524-106.408 105.654-227.010 268.654-320.152 9.33-5.332 15.362-14.992 16.056-25.716s-4.040-21.080-12.606-27.572z"],"tags":["leaf","nature","plant","tea","green","vegan","vegetarian"],"defaultCode":59812,"grid":16,"attrs":[]},"attrs":[],"properties":{"ligatures":"leaf, nature","name":"leaf","order":2,"id":165,"prevSize":32,"code":59812},"setIdx":0,"setId":1,"iconIdx":164},{"icon":{"paths":["M384 0l-384 512h384l-256 512 896-640h-512l384-384z"],"tags":["power","lightning","bolt","electricity"],"defaultCode":59829,"grid":16,"attrs":[]},"attrs":[],"properties":{"ligatures":"power, lightning","name":"power","order":4,"id":182,"prevSize":32,"code":59829},"setIdx":0,"setId":1,"iconIdx":181}],"height":1024,"metadata":{"name":"icomoon"},"preferences":{"showGlyphs":true,"showQuickUse":true,"showQuickUse2":true,"showSVGs":true,"fontPref":{"prefix":"icon-","metadata":{"fontFamily":"icomoon"},"metrics":{"emSize":1024,"baseline":6.25,"whitespace":50},"embed":false},"imagePref":{"prefix":"icon-","png":true,"useClassSelector":true,"color":0,"bgColor":16777215,"classSelector":".icon","name":"icomoon","height":32,"columns":16,"margin":16},"historySize":50,"showCodes":true,"gridSize":16}}